trial,plan iters,plan time,best cost
0,520,0.49213290214538574,6.938826096716924
0,530,0.5149142742156982,5.371109365996529
