trial,plan iters,plan time,best cost
0,6150,2.1770315170288086,2.084478807374776
